{
  "model": "Qwen2_5_1_5B",
  "gpu": "Unknown GPU",
  "version": "v3",
  "endpoint": "/v2/secure/gpu/prefill_v3",
  "timestamp": "2026-01-10T21:16:40.369945317Z",
  "config": {
    "prompt": "Explain the concept of machine learning in simple terms.",
    "prompt_tokens": 56,
    "max_new_tokens": 50,
    "temperature": 0.7,
    "runs": 10,
    "warmup": 2,
    "endpoint": "v3"
  },
  "results": {
    "embedding": {
      "mean_ms": 19.6770816,
      "std_ms": 2.0752827572750276,
      "min_ms": 15.455279,
      "max_ms": 22.154901000000002,
      "p50_ms": 20.785254,
      "p95_ms": 22.154901000000002,
      "p99_ms": 22.154901000000002
    },
    "prefill": {
      "mean_ms": 1216.7104867,
      "std_ms": 114.62796484590655,
      "min_ms": 1034.3936099999999,
      "max_ms": 1321.3236630000001,
      "p50_ms": 1278.305511,
      "p95_ms": 1321.3236630000001,
      "p99_ms": 1321.3236630000001
    },
    "total": {
      "mean_ms": 1236.3880969,
      "std_ms": 115.94056274699078,
      "min_ms": 1055.212769,
      "max_ms": 1339.889866,
      "p50_ms": 1299.0914010000001,
      "p95_ms": 1339.889866,
      "p99_ms": 1339.889866
    },
    "tokens_per_second": 46.02573957580076
  }
}